               epoch,      train/box_loss,      train/obj_loss,      train/cls_loss,   metrics/precision,      metrics/recall,     metrics/mAP_0.5,metrics/mAP_0.5:0.95,        val/box_loss,        val/obj_loss,        val/cls_loss,               x/lr0,               x/lr1,               x/lr2
                   0,            0.099752,            0.022258,                   0,             0.38167,             0.35629,             0.31292,             0.14469,            0.075226,             0.01171,                   0,              0.0739,              0.0029,              0.0029
                   1,            0.064338,            0.022225,                   0,             0.41694,             0.63473,             0.54291,             0.29173,            0.059476,           0.0090159,                   0,            0.046877,           0.0058766,           0.0058766
                   2,            0.053236,            0.019679,                   0,             0.66973,             0.57071,             0.63739,             0.35011,            0.050309,           0.0072029,                   0,             0.01983,           0.0088295,           0.0088295
                   3,            0.047685,            0.017675,                   0,             0.79062,             0.64072,             0.75032,             0.39319,            0.053479,            0.006798,                   0,           0.0098812,           0.0098812,           0.0098812
                   4,            0.044906,             0.01747,                   0,             0.62812,             0.49102,             0.54071,             0.29391,            0.049361,           0.0081758,                   0,           0.0098812,           0.0098812,           0.0098812
                   5,            0.042227,            0.016787,                   0,             0.81689,              0.7515,             0.82402,             0.50467,            0.043979,            0.006691,                   0,           0.0098416,           0.0098416,           0.0098416
                   6,            0.041064,            0.016865,                   0,             0.73792,             0.59281,             0.67975,             0.42533,            0.047605,           0.0074288,                   0,            0.009802,            0.009802,            0.009802
                   7,            0.040302,            0.016513,                   0,             0.84661,             0.65868,             0.74491,             0.47246,            0.044999,           0.0075448,                   0,           0.0097624,           0.0097624,           0.0097624
                   8,            0.039023,            0.016129,                   0,             0.81804,             0.74033,             0.82747,              0.5292,            0.036484,           0.0062002,                   0,           0.0097228,           0.0097228,           0.0097228
                   9,            0.037707,            0.015526,                   0,             0.86175,             0.78381,             0.87029,             0.55802,            0.035909,           0.0062655,                   0,           0.0096832,           0.0096832,           0.0096832
                  10,            0.036304,            0.015373,                   0,             0.84743,              0.7515,             0.83386,             0.54091,            0.038704,           0.0061334,                   0,           0.0096436,           0.0096436,           0.0096436
                  11,            0.036193,            0.015376,                   0,             0.90685,             0.77246,             0.88326,             0.56609,            0.035807,           0.0058958,                   0,            0.009604,            0.009604,            0.009604
                  12,            0.035674,            0.015331,                   0,               0.794,             0.81138,             0.85507,             0.53551,            0.034859,           0.0060975,                   0,           0.0095644,           0.0095644,           0.0095644
                  13,            0.034343,            0.014721,                   0,             0.87296,             0.78182,             0.87905,              0.5952,            0.035651,           0.0058549,                   0,           0.0095248,           0.0095248,           0.0095248
                  14,            0.034794,            0.014712,                   0,             0.87337,             0.80539,             0.88211,             0.60271,            0.034854,           0.0057881,                   0,           0.0094852,           0.0094852,           0.0094852
                  15,            0.034099,            0.014622,                   0,             0.85274,             0.78443,             0.86812,             0.58645,            0.036738,            0.005719,                   0,           0.0094456,           0.0094456,           0.0094456
                  16,            0.032808,            0.014554,                   0,             0.91886,             0.81737,             0.89278,             0.62663,            0.034332,           0.0054147,                   0,            0.009406,            0.009406,            0.009406
                  17,            0.033407,            0.014293,                   0,             0.89398,             0.82036,             0.90203,             0.60862,            0.033624,           0.0056158,                   0,           0.0093664,           0.0093664,           0.0093664
                  18,            0.033469,             0.01425,                   0,             0.88618,             0.83921,             0.90789,             0.61099,            0.033088,           0.0052435,                   0,           0.0093268,           0.0093268,           0.0093268
                  19,            0.032723,            0.014151,                   0,             0.91388,             0.81737,             0.90295,             0.63642,             0.03339,           0.0053142,                   0,           0.0092872,           0.0092872,           0.0092872
                  20,            0.031895,            0.013952,                   0,             0.87105,             0.80539,             0.88919,              0.6171,            0.033713,           0.0055485,                   0,           0.0092476,           0.0092476,           0.0092476
                  21,            0.031886,            0.013556,                   0,             0.86034,              0.8115,              0.8954,             0.58732,            0.034099,           0.0056063,                   0,            0.009208,            0.009208,            0.009208
                  22,            0.031908,            0.013931,                   0,             0.85707,             0.86178,              0.9139,             0.62802,            0.032553,            0.005258,                   0,           0.0091684,           0.0091684,           0.0091684
                  23,            0.031506,            0.013785,                   0,             0.88846,             0.82635,             0.88677,             0.60948,            0.033746,            0.005458,                   0,           0.0091288,           0.0091288,           0.0091288
                  24,            0.030479,            0.013733,                   0,             0.90675,             0.88323,             0.94632,             0.64362,            0.031296,           0.0050666,                   0,           0.0090892,           0.0090892,           0.0090892
                  25,            0.030633,            0.013876,                   0,             0.88044,              0.8024,             0.89654,             0.60246,             0.03403,           0.0051788,                   0,           0.0090496,           0.0090496,           0.0090496
                  26,             0.03046,            0.013551,                   0,              0.9173,             0.85329,             0.92943,             0.64785,            0.032685,            0.005068,                   0,             0.00901,             0.00901,             0.00901
                  27,            0.030236,            0.013687,                   0,             0.88245,             0.85413,             0.91247,             0.57782,            0.032836,           0.0053993,                   0,           0.0089704,           0.0089704,           0.0089704
                  28,            0.030624,            0.013286,                   0,             0.90191,             0.85329,             0.91842,             0.62523,            0.033365,           0.0052459,                   0,           0.0089308,           0.0089308,           0.0089308
                  29,            0.029546,            0.013359,                   0,             0.90899,             0.83734,             0.92265,             0.63212,            0.033077,           0.0053257,                   0,           0.0088912,           0.0088912,           0.0088912
                  30,            0.029435,             0.01308,                   0,             0.89301,             0.82467,              0.9013,              0.6331,            0.033324,           0.0053267,                   0,           0.0088516,           0.0088516,           0.0088516
                  31,            0.029539,            0.013021,                   0,             0.90854,             0.84731,             0.92431,             0.64736,            0.032376,           0.0051623,                   0,            0.008812,            0.008812,            0.008812
                  32,            0.029923,            0.013602,                   0,             0.93623,             0.79341,             0.90187,             0.63844,            0.032867,           0.0060504,                   0,           0.0087724,           0.0087724,           0.0087724
                  33,            0.029081,            0.013058,                   0,              0.9263,             0.82934,             0.91397,             0.63025,            0.033576,           0.0052266,                   0,           0.0087328,           0.0087328,           0.0087328
                  34,             0.02871,             0.01283,                   0,             0.91476,             0.84731,             0.93042,               0.639,            0.032609,           0.0050642,                   0,           0.0086932,           0.0086932,           0.0086932
                  35,            0.028637,            0.012779,                   0,             0.91129,             0.87425,             0.92033,             0.64951,            0.032651,           0.0051216,                   0,           0.0086536,           0.0086536,           0.0086536
                  36,            0.028853,            0.013126,                   0,              0.9253,             0.85302,             0.93888,             0.64064,            0.032772,           0.0051955,                   0,            0.008614,            0.008614,            0.008614
                  37,            0.027911,            0.012641,                   0,             0.90788,             0.84431,             0.91632,             0.63088,             0.03257,           0.0051512,                   0,           0.0085744,           0.0085744,           0.0085744
                  38,            0.028016,             0.01248,                   0,             0.91519,             0.87236,             0.93429,             0.64463,            0.032607,           0.0050821,                   0,           0.0085348,           0.0085348,           0.0085348
                  39,            0.028116,             0.01261,                   0,             0.93218,             0.86415,             0.94201,             0.64457,             0.03188,           0.0052738,                   0,           0.0084952,           0.0084952,           0.0084952
                  40,             0.02833,            0.012398,                   0,             0.91559,             0.86527,              0.9325,             0.64757,            0.032508,           0.0052082,                   0,           0.0084556,           0.0084556,           0.0084556
                  41,            0.027979,            0.012751,                   0,              0.9478,             0.81551,              0.9357,             0.65105,             0.03146,           0.0053273,                   0,            0.008416,            0.008416,            0.008416
                  42,            0.027953,            0.012374,                   0,             0.90355,             0.84132,             0.92568,              0.6653,            0.031198,           0.0051728,                   0,           0.0083764,           0.0083764,           0.0083764
                  43,            0.027066,            0.012447,                   0,             0.92541,             0.87425,             0.93916,             0.65719,            0.030667,           0.0050211,                   0,           0.0083368,           0.0083368,           0.0083368
                  44,            0.027127,            0.012425,                   0,             0.95316,             0.85329,             0.93996,              0.6678,            0.031723,           0.0048996,                   0,           0.0082972,           0.0082972,           0.0082972
                  45,            0.026846,            0.012104,                   0,             0.94073,             0.85534,             0.92971,              0.6503,            0.031091,           0.0053427,                   0,           0.0082576,           0.0082576,           0.0082576
                  46,            0.027368,            0.012456,                   0,             0.92831,             0.89166,             0.94477,             0.67712,            0.031919,           0.0049892,                   0,            0.008218,            0.008218,            0.008218
                  47,            0.026935,            0.012269,                   0,             0.91906,             0.84987,             0.92113,             0.63843,            0.032031,           0.0051653,                   0,           0.0081784,           0.0081784,           0.0081784
                  48,             0.02655,            0.012208,                   0,             0.94589,             0.83746,             0.92412,             0.62282,             0.03331,           0.0053489,                   0,           0.0081388,           0.0081388,           0.0081388
                  49,            0.026895,            0.011985,                   0,              0.9355,             0.87725,              0.9351,             0.67434,            0.031617,           0.0049971,                   0,           0.0080992,           0.0080992,           0.0080992
                  50,            0.026551,            0.012248,                   0,             0.94298,              0.8418,             0.91823,             0.65178,            0.032822,           0.0054681,                   0,           0.0080596,           0.0080596,           0.0080596
                  51,            0.026316,            0.011976,                   0,             0.92878,             0.85893,             0.92782,             0.65302,            0.030907,           0.0051373,                   0,             0.00802,             0.00802,             0.00802
                  52,            0.026555,            0.012187,                   0,             0.93351,             0.88323,             0.93899,             0.66147,            0.031052,           0.0050281,                   0,           0.0079804,           0.0079804,           0.0079804
                  53,            0.026393,            0.012125,                   0,             0.93197,             0.86135,             0.94139,             0.65292,            0.031279,            0.005196,                   0,           0.0079408,           0.0079408,           0.0079408
                  54,             0.02583,             0.01159,                   0,             0.91883,             0.87126,             0.93013,             0.66777,            0.031064,           0.0052229,                   0,           0.0079012,           0.0079012,           0.0079012
                  55,            0.025934,            0.011889,                   0,             0.92272,             0.85629,             0.92957,             0.64679,            0.032001,           0.0052425,                   0,           0.0078616,           0.0078616,           0.0078616
                  56,            0.025685,            0.011593,                   0,             0.92463,             0.88147,             0.94233,             0.66138,            0.030433,            0.005097,                   0,            0.007822,            0.007822,            0.007822
                  57,            0.025455,             0.01182,                   0,              0.9183,             0.87498,             0.93585,             0.67198,            0.032233,           0.0051006,                   0,           0.0077824,           0.0077824,           0.0077824
                  58,            0.025635,            0.011615,                   0,             0.92659,             0.85329,             0.91667,             0.64772,            0.032441,           0.0053088,                   0,           0.0077428,           0.0077428,           0.0077428
                  59,            0.025752,            0.011573,                   0,              0.9335,             0.88259,             0.94456,             0.67288,            0.031593,           0.0049713,                   0,           0.0077032,           0.0077032,           0.0077032
                  60,            0.025323,            0.011558,                   0,             0.92472,             0.88263,             0.94253,             0.67804,            0.031132,           0.0051252,                   0,           0.0076636,           0.0076636,           0.0076636
                  61,            0.024698,            0.011388,                   0,             0.93476,             0.85794,             0.92663,             0.66223,             0.03246,           0.0051228,                   0,            0.007624,            0.007624,            0.007624
                  62,            0.025298,            0.011623,                   0,             0.94772,             0.86831,             0.93744,             0.66728,            0.031462,           0.0051635,                   0,           0.0075844,           0.0075844,           0.0075844
                  63,            0.025017,            0.011696,                   0,             0.93562,             0.86228,             0.93476,             0.65069,            0.031729,           0.0052099,                   0,           0.0075448,           0.0075448,           0.0075448
                  64,            0.025466,            0.011658,                   0,             0.93502,             0.86162,             0.93209,             0.66621,            0.031566,           0.0052826,                   0,           0.0075052,           0.0075052,           0.0075052
                  65,            0.024961,            0.011452,                   0,             0.91368,             0.87126,               0.931,             0.64417,            0.033086,           0.0052227,                   0,           0.0074656,           0.0074656,           0.0074656
                  66,            0.025195,            0.011235,                   0,              0.9172,              0.8503,             0.93104,             0.64348,            0.031989,           0.0052381,                   0,            0.007426,            0.007426,            0.007426
                  67,            0.024898,            0.011305,                   0,             0.92882,             0.85949,             0.92864,             0.67512,            0.030773,           0.0055051,                   0,           0.0073864,           0.0073864,           0.0073864
                  68,            0.024342,            0.011066,                   0,             0.93053,             0.88226,             0.94103,             0.66897,             0.03069,            0.005252,                   0,           0.0073468,           0.0073468,           0.0073468
                  69,            0.024514,            0.011405,                   0,             0.94254,             0.86826,              0.9357,             0.66686,            0.030944,           0.0052103,                   0,           0.0073072,           0.0073072,           0.0073072
                  70,            0.024502,            0.011262,                   0,             0.93037,             0.88013,             0.94738,             0.68273,            0.031288,           0.0052373,                   0,           0.0072676,           0.0072676,           0.0072676
                  71,             0.02429,            0.011418,                   0,             0.91822,             0.90419,             0.94201,             0.67044,            0.031007,           0.0052133,                   0,            0.007228,            0.007228,            0.007228
                  72,            0.024364,            0.011118,                   0,             0.94754,             0.86826,             0.93259,             0.68181,            0.030653,           0.0053865,                   0,           0.0071884,           0.0071884,           0.0071884
                  73,            0.024099,            0.011461,                   0,             0.92831,             0.86826,             0.93582,             0.66789,            0.031672,           0.0050954,                   0,           0.0071488,           0.0071488,           0.0071488
                  74,            0.023748,            0.011359,                   0,             0.91472,             0.90419,             0.95182,             0.69377,            0.030817,           0.0047934,                   0,           0.0071092,           0.0071092,           0.0071092
                  75,            0.023746,            0.011116,                   0,             0.94577,             0.88623,             0.94582,             0.67278,            0.031149,           0.0049254,                   0,           0.0070696,           0.0070696,           0.0070696
                  76,             0.02369,            0.010946,                   0,             0.95454,             0.88008,             0.94457,             0.68086,            0.031599,           0.0053108,                   0,             0.00703,             0.00703,             0.00703
                  77,             0.02393,            0.011049,                   0,             0.94236,             0.88102,             0.94021,             0.69185,            0.030423,           0.0054096,                   0,           0.0069904,           0.0069904,           0.0069904
                  78,            0.023574,            0.011314,                   0,             0.93552,             0.88623,             0.94944,             0.68657,            0.030233,           0.0050706,                   0,           0.0069508,           0.0069508,           0.0069508
                  79,             0.02363,            0.011069,                   0,             0.95479,             0.88527,              0.9363,             0.66921,            0.031044,            0.005376,                   0,           0.0069112,           0.0069112,           0.0069112
                  80,            0.023217,            0.010955,                   0,             0.95805,             0.88885,               0.944,             0.68175,            0.031327,           0.0051703,                   0,           0.0068716,           0.0068716,           0.0068716
                  81,            0.023633,            0.010959,                   0,             0.95973,             0.88623,             0.94458,             0.67035,            0.030684,           0.0049915,                   0,            0.006832,            0.006832,            0.006832
                  82,            0.023023,            0.011026,                   0,             0.94836,             0.87968,             0.94463,              0.6641,            0.031336,           0.0052803,                   0,           0.0067924,           0.0067924,           0.0067924
                  83,            0.023153,            0.010839,                   0,             0.93081,             0.88614,             0.93807,             0.65747,            0.031866,           0.0053128,                   0,           0.0067528,           0.0067528,           0.0067528
                  84,            0.023066,            0.010667,                   0,             0.94299,             0.89146,             0.94198,             0.67211,            0.032832,           0.0054521,                   0,           0.0067132,           0.0067132,           0.0067132
                  85,            0.023304,            0.011055,                   0,             0.96691,               0.875,             0.93681,             0.69137,            0.031045,           0.0053537,                   0,           0.0066736,           0.0066736,           0.0066736
                  86,             0.02304,            0.010649,                   0,             0.93937,             0.88142,             0.94312,             0.68416,            0.031761,           0.0053203,                   0,            0.006634,            0.006634,            0.006634
                  87,            0.023209,            0.010724,                   0,             0.92372,             0.86228,             0.92402,              0.6606,            0.031026,           0.0055805,                   0,           0.0065944,           0.0065944,           0.0065944
                  88,            0.023343,            0.011073,                   0,             0.93334,             0.88024,             0.93717,             0.66584,            0.031301,           0.0052749,                   0,           0.0065548,           0.0065548,           0.0065548
                  89,            0.023227,            0.010932,                   0,             0.95721,             0.88623,             0.94131,             0.67195,            0.031547,           0.0054879,                   0,           0.0065152,           0.0065152,           0.0065152
                  90,            0.022628,            0.010758,                   0,             0.91178,             0.90719,             0.94372,             0.67429,            0.031231,           0.0052979,                   0,           0.0064756,           0.0064756,           0.0064756
                  91,            0.022619,            0.010462,                   0,             0.94741,             0.88623,             0.94119,             0.66238,            0.030988,           0.0051932,                   0,            0.006436,            0.006436,            0.006436
                  92,            0.022954,            0.010609,                   0,             0.96343,             0.86759,             0.94398,             0.67763,            0.031318,           0.0052435,                   0,           0.0063964,           0.0063964,           0.0063964
                  93,            0.022616,            0.010501,                   0,             0.95215,             0.89365,             0.93534,             0.66606,            0.031123,           0.0052252,                   0,           0.0063568,           0.0063568,           0.0063568
                  94,            0.022664,            0.010742,                   0,             0.95371,             0.88623,             0.94055,             0.68662,            0.032138,           0.0051405,                   0,           0.0063172,           0.0063172,           0.0063172
                  95,            0.022905,            0.010685,                   0,             0.93012,             0.87673,             0.93102,             0.68487,            0.032469,           0.0051792,                   0,           0.0062776,           0.0062776,           0.0062776
                  96,            0.022517,            0.010526,                   0,             0.95323,             0.85435,             0.93028,             0.68597,            0.031779,           0.0050974,                   0,            0.006238,            0.006238,            0.006238
                  97,            0.021976,            0.010366,                   0,             0.95714,              0.8691,             0.93374,             0.70239,            0.030564,           0.0052691,                   0,           0.0061984,           0.0061984,           0.0061984
                  98,            0.022425,             0.01034,                   0,             0.95568,             0.87126,             0.93031,             0.68441,            0.030782,           0.0054077,                   0,           0.0061588,           0.0061588,           0.0061588
                  99,             0.02216,            0.010131,                   0,              0.9507,             0.85329,             0.91901,             0.65379,            0.031517,            0.005426,                   0,           0.0061192,           0.0061192,           0.0061192
                 100,            0.022365,            0.010236,                   0,             0.90858,             0.84132,             0.91178,             0.66326,            0.031625,           0.0057516,                   0,           0.0060796,           0.0060796,           0.0060796
                 101,             0.02187,            0.010231,                   0,             0.94191,             0.87391,             0.93514,             0.66708,            0.030228,           0.0056218,                   0,             0.00604,             0.00604,             0.00604
                 102,            0.021866,            0.010346,                   0,             0.93023,             0.87126,             0.94291,             0.69332,            0.030151,           0.0053837,                   0,           0.0060004,           0.0060004,           0.0060004
                 103,            0.022079,            0.010276,                   0,             0.95151,             0.85329,             0.93984,              0.6871,             0.02965,           0.0052576,                   0,           0.0059608,           0.0059608,           0.0059608
                 104,            0.021911,            0.010405,                   0,             0.92379,             0.87106,             0.92511,             0.68427,            0.031567,           0.0056672,                   0,           0.0059212,           0.0059212,           0.0059212
                 105,             0.02156,           0.0099531,                   0,             0.93659,             0.88623,             0.93301,             0.69926,            0.031202,            0.005117,                   0,           0.0058816,           0.0058816,           0.0058816
                 106,            0.021462,            0.010242,                   0,             0.94773,             0.86527,             0.93988,             0.69484,            0.031385,           0.0051506,                   0,            0.005842,            0.005842,            0.005842
                 107,            0.022193,            0.010277,                   0,             0.95399,             0.86909,             0.93292,             0.70269,             0.03098,           0.0055822,                   0,           0.0058024,           0.0058024,           0.0058024
                 108,            0.021775,            0.010443,                   0,             0.92343,             0.86655,             0.92855,             0.69702,            0.030777,           0.0052171,                   0,           0.0057628,           0.0057628,           0.0057628
                 109,            0.021998,            0.010529,                   0,             0.94842,             0.88077,             0.94725,             0.70297,            0.030018,            0.005201,                   0,           0.0057232,           0.0057232,           0.0057232
                 110,            0.021353,            0.010256,                   0,             0.96357,             0.86826,             0.93462,             0.69739,            0.030087,           0.0056198,                   0,           0.0056836,           0.0056836,           0.0056836
                 111,            0.020698,            0.010137,                   0,             0.95726,             0.87425,             0.93696,             0.69464,            0.030273,           0.0053017,                   0,            0.005644,            0.005644,            0.005644
                 112,             0.02111,            0.010185,                   0,              0.9386,             0.86963,             0.93563,             0.69866,            0.030068,           0.0052786,                   0,           0.0056044,           0.0056044,           0.0056044
                 113,             0.02175,             0.01036,                   0,             0.94599,             0.89154,             0.93871,             0.70428,            0.031328,           0.0051192,                   0,           0.0055648,           0.0055648,           0.0055648
                 114,             0.02133,            0.010303,                   0,             0.94572,             0.89222,              0.9442,             0.69915,            0.030626,           0.0051299,                   0,           0.0055252,           0.0055252,           0.0055252
                 115,            0.021624,            0.010115,                   0,             0.95647,             0.85528,              0.9343,              0.7021,            0.031318,           0.0051631,                   0,           0.0054856,           0.0054856,           0.0054856
                 116,            0.021213,            0.010099,                   0,             0.95143,             0.87969,             0.93577,             0.70806,            0.031527,           0.0054212,                   0,            0.005446,            0.005446,            0.005446
                 117,            0.020777,            0.010064,                   0,             0.91551,             0.91018,             0.94205,             0.68642,            0.031002,           0.0053227,                   0,           0.0054064,           0.0054064,           0.0054064
                 118,            0.020959,            0.010009,                   0,             0.96054,             0.87425,             0.93757,             0.70024,            0.031802,           0.0055674,                   0,           0.0053668,           0.0053668,           0.0053668
                 119,            0.020775,            0.010003,                   0,             0.93896,             0.87503,             0.93806,             0.70618,            0.030635,            0.005335,                   0,           0.0053272,           0.0053272,           0.0053272
                 120,            0.020642,            0.010045,                   0,             0.95978,              0.8573,             0.94397,             0.70831,            0.030279,           0.0050762,                   0,           0.0052876,           0.0052876,           0.0052876
                 121,             0.02033,           0.0099691,                   0,             0.95339,             0.85731,              0.9322,             0.69836,            0.030808,           0.0051318,                   0,            0.005248,            0.005248,            0.005248
                 122,            0.020604,           0.0098707,                   0,             0.95024,             0.88922,             0.93674,             0.70623,            0.030624,           0.0053074,                   0,           0.0052084,           0.0052084,           0.0052084
                 123,            0.020219,           0.0099267,                   0,             0.94615,             0.89422,             0.94082,             0.68332,            0.030687,           0.0051879,                   0,           0.0051688,           0.0051688,           0.0051688
                 124,            0.020423,           0.0098258,                   0,             0.95051,             0.86826,             0.93038,             0.68455,            0.030933,           0.0054212,                   0,           0.0051292,           0.0051292,           0.0051292
                 125,            0.020243,           0.0099184,                   0,             0.93857,             0.86913,             0.93173,             0.70692,            0.031144,           0.0054893,                   0,           0.0050896,           0.0050896,           0.0050896
                 126,            0.020876,           0.0097422,                   0,              0.9573,             0.87262,             0.94232,             0.70517,            0.030733,              0.0051,                   0,             0.00505,             0.00505,             0.00505
                 127,            0.020365,           0.0096828,                   0,             0.94877,              0.9012,             0.94355,              0.7077,            0.031273,           0.0054836,                   0,           0.0050104,           0.0050104,           0.0050104
                 128,             0.02066,            0.010041,                   0,             0.96981,             0.86826,             0.93362,             0.71041,            0.031099,           0.0055106,                   0,           0.0049708,           0.0049708,           0.0049708
                 129,            0.020471,             0.00964,                   0,             0.95609,             0.84741,              0.9335,              0.7078,            0.029935,           0.0055705,                   0,           0.0049312,           0.0049312,           0.0049312
                 130,            0.020539,           0.0096215,                   0,             0.95051,              0.8625,             0.92741,             0.69882,            0.030159,           0.0055268,                   0,           0.0048916,           0.0048916,           0.0048916
                 131,             0.02015,           0.0094795,                   0,             0.96062,             0.87645,             0.93224,             0.69189,            0.030947,           0.0055173,                   0,            0.004852,            0.004852,            0.004852
                 132,            0.020161,            0.009696,                   0,             0.96542,             0.86826,             0.93339,             0.69031,            0.031054,           0.0055151,                   0,           0.0048124,           0.0048124,           0.0048124
                 133,            0.020099,           0.0095961,                   0,             0.95973,             0.85329,             0.93547,             0.68477,            0.030998,           0.0054153,                   0,           0.0047728,           0.0047728,           0.0047728
                 134,            0.020103,           0.0097154,                   0,             0.95452,              0.8798,             0.93571,             0.69103,             0.03141,           0.0051869,                   0,           0.0047332,           0.0047332,           0.0047332
                 135,            0.019755,           0.0097058,                   0,             0.94473,             0.87008,             0.92975,             0.69099,            0.031069,           0.0052628,                   0,           0.0046936,           0.0046936,           0.0046936
                 136,            0.019566,           0.0096724,                   0,             0.95076,              0.8503,             0.93103,             0.68034,            0.030948,           0.0053503,                   0,            0.004654,            0.004654,            0.004654
                 137,            0.019785,            0.009276,                   0,             0.93042,             0.88074,              0.9299,             0.70478,             0.03056,           0.0056926,                   0,           0.0046144,           0.0046144,           0.0046144
                 138,             0.01975,           0.0094563,                   0,             0.95299,             0.84968,             0.92153,             0.69315,            0.030456,           0.0055481,                   0,           0.0045748,           0.0045748,           0.0045748
                 139,            0.019994,           0.0092981,                   0,             0.95753,             0.87755,             0.92771,              0.6848,            0.030897,           0.0058009,                   0,           0.0045352,           0.0045352,           0.0045352
                 140,            0.019937,           0.0096096,                   0,             0.94822,             0.87728,             0.92961,             0.69661,            0.030345,           0.0058201,                   0,           0.0044956,           0.0044956,           0.0044956
                 141,            0.019356,           0.0095471,                   0,             0.96529,             0.86826,             0.92982,             0.69971,            0.030226,           0.0057151,                   0,            0.004456,            0.004456,            0.004456
                 142,            0.019415,           0.0093832,                   0,             0.95347,             0.87725,             0.93151,             0.69735,            0.031599,           0.0056714,                   0,           0.0044164,           0.0044164,           0.0044164
                 143,            0.019521,           0.0096363,                   0,             0.96584,             0.86826,             0.92992,               0.691,            0.030751,           0.0056456,                   0,           0.0043768,           0.0043768,           0.0043768
                 144,             0.01938,           0.0092468,                   0,               0.937,             0.89055,             0.93925,             0.70196,            0.030575,           0.0054532,                   0,           0.0043372,           0.0043372,           0.0043372
                 145,            0.019318,           0.0092447,                   0,             0.94541,             0.88146,             0.92771,             0.69295,            0.031624,           0.0058279,                   0,           0.0042976,           0.0042976,           0.0042976
                 146,            0.019394,           0.0092538,                   0,             0.95354,             0.88323,             0.93548,             0.68812,            0.030986,           0.0054893,                   0,            0.004258,            0.004258,            0.004258
                 147,            0.019554,            0.009289,                   0,             0.94587,             0.88945,             0.94646,             0.70048,            0.030621,           0.0054339,                   0,           0.0042184,           0.0042184,           0.0042184
                 148,            0.019456,             0.00919,                   0,             0.94302,             0.87425,             0.94066,             0.69738,            0.030428,           0.0055793,                   0,           0.0041788,           0.0041788,           0.0041788
                 149,            0.019399,           0.0094142,                   0,             0.93813,             0.89521,             0.93507,             0.69127,            0.030302,           0.0053435,                   0,           0.0041392,           0.0041392,           0.0041392
                 150,            0.019172,           0.0092503,                   0,             0.93805,             0.87425,             0.92713,             0.69161,            0.030741,           0.0055064,                   0,           0.0040996,           0.0040996,           0.0040996
                 151,            0.018925,           0.0095738,                   0,             0.95564,             0.87725,             0.94209,             0.70644,            0.031048,           0.0055677,                   0,             0.00406,             0.00406,             0.00406
                 152,            0.018464,           0.0092352,                   0,             0.96694,              0.8757,             0.94239,             0.69489,            0.031268,           0.0055022,                   0,           0.0040204,           0.0040204,           0.0040204
                 153,            0.018749,           0.0094706,                   0,             0.93319,             0.87725,             0.93155,             0.70634,            0.031237,           0.0054635,                   0,           0.0039808,           0.0039808,           0.0039808
                 154,            0.018902,           0.0091351,                   0,             0.95906,             0.87126,             0.93708,             0.70075,            0.031558,           0.0055483,                   0,           0.0039412,           0.0039412,           0.0039412
                 155,            0.018998,           0.0092616,                   0,             0.92495,              0.8856,             0.93997,              0.7045,            0.031083,           0.0057766,                   0,           0.0039016,           0.0039016,           0.0039016
                 156,            0.018908,           0.0090923,                   0,             0.93679,             0.88747,             0.93915,             0.70033,            0.031588,           0.0057653,                   0,            0.003862,            0.003862,            0.003862
                 157,            0.018417,            0.009072,                   0,             0.91917,             0.89222,             0.93032,             0.70717,            0.031533,           0.0056702,                   0,           0.0038224,           0.0038224,           0.0038224
                 158,            0.018696,            0.009108,                   0,             0.95099,             0.88024,             0.93207,             0.69647,             0.03163,           0.0056243,                   0,           0.0037828,           0.0037828,           0.0037828
                 159,            0.018507,           0.0091627,                   0,             0.93469,              0.8998,             0.93123,             0.69149,            0.031218,           0.0056416,                   0,           0.0037432,           0.0037432,           0.0037432
                 160,            0.018751,           0.0093017,                   0,             0.94924,             0.87725,             0.93165,              0.6972,            0.031283,           0.0055135,                   0,           0.0037036,           0.0037036,           0.0037036
                 161,            0.018224,           0.0089873,                   0,             0.93146,             0.89516,             0.92972,             0.70526,            0.031515,           0.0057294,                   0,            0.003664,            0.003664,            0.003664
                 162,            0.018338,           0.0090249,                   0,             0.94613,               0.894,             0.94334,             0.70995,            0.030628,           0.0056241,                   0,           0.0036244,           0.0036244,           0.0036244
                 163,            0.018154,            0.008718,                   0,             0.92768,             0.89521,             0.92932,             0.71123,            0.030518,            0.005721,                   0,           0.0035848,           0.0035848,           0.0035848
                 164,            0.018393,            0.009155,                   0,             0.95852,             0.89948,              0.9414,             0.70965,            0.030137,           0.0056136,                   0,           0.0035452,           0.0035452,           0.0035452
                 165,             0.01793,            0.008833,                   0,             0.95744,             0.88024,             0.93526,             0.70992,            0.030831,           0.0054373,                   0,           0.0035056,           0.0035056,           0.0035056
                 166,            0.017912,           0.0088484,                   0,             0.95518,             0.89339,             0.94093,             0.70573,             0.03051,           0.0054053,                   0,            0.003466,            0.003466,            0.003466
                 167,            0.018173,           0.0089224,                   0,             0.94902,              0.8917,             0.93374,             0.71006,            0.030742,           0.0054707,                   0,           0.0034264,           0.0034264,           0.0034264
                 168,            0.017713,           0.0089287,                   0,             0.96143,              0.8955,             0.94063,             0.72049,            0.030642,           0.0054913,                   0,           0.0033868,           0.0033868,           0.0033868
                 169,             0.01785,           0.0089014,                   0,             0.96078,             0.88015,             0.93575,             0.71156,            0.030914,           0.0055355,                   0,           0.0033472,           0.0033472,           0.0033472
                 170,            0.017643,           0.0085632,                   0,             0.96567,             0.86527,             0.93295,             0.70777,            0.031006,           0.0057578,                   0,           0.0033076,           0.0033076,           0.0033076
                 171,            0.018134,           0.0091017,                   0,             0.92049,             0.90122,             0.93886,             0.70408,            0.030392,           0.0056619,                   0,            0.003268,            0.003268,            0.003268
                 172,            0.017736,            0.008867,                   0,             0.95486,             0.88663,             0.93246,             0.70442,            0.030975,           0.0057752,                   0,           0.0032284,           0.0032284,           0.0032284
                 173,             0.01789,           0.0088782,                   0,             0.96224,             0.87725,             0.93167,             0.70922,            0.031445,           0.0056585,                   0,           0.0031888,           0.0031888,           0.0031888
                 174,            0.017884,           0.0087959,                   0,             0.96938,             0.88024,             0.93841,             0.70208,              0.0309,           0.0055227,                   0,           0.0031492,           0.0031492,           0.0031492
                 175,            0.017675,           0.0087285,                   0,             0.96027,             0.89222,             0.94309,               0.705,            0.030981,            0.005556,                   0,           0.0031096,           0.0031096,           0.0031096
                 176,            0.017447,           0.0086157,                   0,              0.9519,             0.88885,             0.93771,             0.70467,              0.0308,           0.0057296,                   0,             0.00307,             0.00307,             0.00307
                 177,            0.017408,           0.0087608,                   0,              0.9578,              0.8834,             0.94129,             0.70337,            0.031187,           0.0056347,                   0,           0.0030304,           0.0030304,           0.0030304
                 178,            0.017632,           0.0086293,                   0,             0.94032,             0.89631,             0.94415,             0.71024,            0.031353,           0.0055539,                   0,           0.0029908,           0.0029908,           0.0029908
                 179,            0.017108,           0.0085887,                   0,             0.94515,             0.88323,             0.94082,              0.7128,            0.030863,           0.0055842,                   0,           0.0029512,           0.0029512,           0.0029512
                 180,            0.017031,           0.0085536,                   0,             0.94425,             0.88922,               0.942,             0.71091,            0.031133,           0.0056573,                   0,           0.0029116,           0.0029116,           0.0029116
                 181,            0.017418,           0.0087427,                   0,             0.97087,             0.87725,             0.94054,             0.71151,            0.031289,           0.0056556,                   0,            0.002872,            0.002872,            0.002872
                 182,            0.017121,           0.0086703,                   0,             0.95151,             0.88118,             0.93905,             0.71243,            0.030582,           0.0057965,                   0,           0.0028324,           0.0028324,           0.0028324
                 183,            0.017274,           0.0087712,                   0,             0.93791,             0.86228,              0.9312,             0.70066,            0.030828,            0.005751,                   0,           0.0027928,           0.0027928,           0.0027928
                 184,            0.017226,           0.0084742,                   0,             0.93685,              0.8883,             0.93386,             0.70774,            0.030886,           0.0058592,                   0,           0.0027532,           0.0027532,           0.0027532
                 185,            0.016855,           0.0085127,                   0,             0.93114,             0.89065,             0.93871,             0.71025,             0.03114,            0.005692,                   0,           0.0027136,           0.0027136,           0.0027136
                 186,               0.017,           0.0086151,                   0,             0.96423,             0.87725,             0.93779,             0.71433,            0.030916,           0.0055185,                   0,            0.002674,            0.002674,            0.002674
                 187,             0.01686,           0.0085501,                   0,             0.95237,             0.88323,             0.93315,             0.70968,            0.031221,            0.005697,                   0,           0.0026344,           0.0026344,           0.0026344
                 188,            0.016651,           0.0082658,                   0,             0.96333,             0.86528,             0.93546,             0.70541,            0.031072,           0.0058755,                   0,           0.0025948,           0.0025948,           0.0025948
                 189,            0.017062,           0.0082145,                   0,             0.93547,             0.89521,             0.93962,             0.72076,            0.030084,           0.0058072,                   0,           0.0025552,           0.0025552,           0.0025552
                 190,            0.016856,           0.0085183,                   0,             0.93146,             0.89509,             0.93964,             0.72279,            0.030475,            0.005752,                   0,           0.0025156,           0.0025156,           0.0025156
                 191,            0.017035,            0.008439,                   0,              0.9726,              0.8503,             0.92916,             0.70865,            0.031139,           0.0058835,                   0,            0.002476,            0.002476,            0.002476
                 192,            0.016612,           0.0083318,                   0,             0.97264,             0.85149,              0.9275,             0.71379,             0.03118,           0.0060641,                   0,           0.0024364,           0.0024364,           0.0024364
                 193,            0.016621,           0.0084608,                   0,             0.96878,             0.88623,             0.93851,             0.71266,             0.03114,           0.0059835,                   0,           0.0023968,           0.0023968,           0.0023968
                 194,            0.016546,           0.0084292,                   0,             0.95791,             0.88575,             0.93758,             0.70505,            0.030807,           0.0058251,                   0,           0.0023572,           0.0023572,           0.0023572
                 195,            0.016759,           0.0082256,                   0,              0.9664,             0.86826,             0.93733,             0.70916,            0.030828,           0.0059426,                   0,           0.0023176,           0.0023176,           0.0023176
                 196,             0.01653,           0.0083539,                   0,             0.95382,             0.88024,             0.93135,              0.7102,             0.03072,           0.0058511,                   0,            0.002278,            0.002278,            0.002278
                 197,            0.016835,           0.0082711,                   0,             0.95185,             0.87126,             0.93037,             0.70745,             0.03073,           0.0058725,                   0,           0.0022384,           0.0022384,           0.0022384
                 198,            0.016003,           0.0082879,                   0,             0.96279,             0.85629,             0.93258,             0.71295,            0.030933,           0.0059909,                   0,           0.0021988,           0.0021988,           0.0021988
                 199,            0.016327,            0.008258,                   0,             0.97266,             0.87126,             0.93709,             0.71393,            0.030928,           0.0058404,                   0,           0.0021592,           0.0021592,           0.0021592
                 200,            0.016307,           0.0083042,                   0,             0.93872,             0.89521,             0.93318,              0.7156,            0.030675,           0.0058912,                   0,           0.0021196,           0.0021196,           0.0021196
                 201,            0.016504,           0.0084475,                   0,             0.93147,             0.89527,             0.92753,             0.70436,            0.030763,           0.0058231,                   0,             0.00208,             0.00208,             0.00208
                 202,            0.016063,           0.0080116,                   0,             0.94577,             0.88758,             0.93753,             0.71291,            0.030788,            0.005867,                   0,           0.0020404,           0.0020404,           0.0020404
                 203,            0.016127,           0.0082069,                   0,             0.97465,             0.86826,              0.9351,              0.7083,            0.030907,           0.0059553,                   0,           0.0020008,           0.0020008,           0.0020008
                 204,            0.015666,            0.007981,                   0,             0.96123,             0.89086,             0.94123,             0.71255,            0.030652,           0.0059156,                   0,           0.0019612,           0.0019612,           0.0019612
                 205,            0.016238,           0.0079654,                   0,             0.95447,             0.87879,             0.93507,             0.71526,            0.030592,            0.005886,                   0,           0.0019216,           0.0019216,           0.0019216
                 206,            0.016211,           0.0081791,                   0,             0.93162,             0.89741,             0.93332,             0.71529,            0.030457,           0.0059655,                   0,            0.001882,            0.001882,            0.001882
                 207,            0.016251,            0.008044,                   0,             0.94101,             0.87725,             0.92947,             0.71313,            0.030492,           0.0059287,                   0,           0.0018424,           0.0018424,           0.0018424
                 208,            0.016334,           0.0083396,                   0,             0.94856,             0.88336,             0.93627,              0.7172,            0.030475,            0.005835,                   0,           0.0018028,           0.0018028,           0.0018028
                 209,             0.01624,           0.0078634,                   0,             0.95272,             0.88323,             0.93411,             0.70803,             0.03074,           0.0060006,                   0,           0.0017632,           0.0017632,           0.0017632
                 210,            0.016214,           0.0081579,                   0,             0.95735,             0.88024,             0.93353,             0.70968,            0.030925,           0.0059847,                   0,           0.0017236,           0.0017236,           0.0017236
                 211,            0.016059,           0.0079791,                   0,             0.94889,             0.88935,             0.93146,             0.71419,             0.03096,           0.0061642,                   0,            0.001684,            0.001684,            0.001684
                 212,            0.015756,           0.0078938,                   0,             0.95579,             0.88323,             0.93502,             0.71376,            0.030676,           0.0060943,                   0,           0.0016444,           0.0016444,           0.0016444
                 213,            0.015728,           0.0081404,                   0,             0.95158,             0.88264,             0.93229,             0.70745,            0.031108,           0.0060441,                   0,           0.0016048,           0.0016048,           0.0016048
                 214,             0.01557,           0.0077878,                   0,             0.96999,             0.87101,             0.93512,             0.71104,            0.031055,           0.0059774,                   0,           0.0015652,           0.0015652,           0.0015652
                 215,            0.015726,           0.0080567,                   0,             0.96967,             0.86159,             0.93858,             0.72176,            0.031207,            0.005887,                   0,           0.0015256,           0.0015256,           0.0015256
                 216,            0.015768,           0.0081885,                   0,             0.94095,             0.87725,             0.93739,              0.7191,            0.031389,            0.005913,                   0,            0.001486,            0.001486,            0.001486
                 217,            0.015473,           0.0078962,                   0,             0.93725,             0.89438,             0.93737,             0.72056,            0.031006,           0.0059365,                   0,           0.0014464,           0.0014464,           0.0014464
                 218,            0.015615,           0.0077914,                   0,             0.96421,             0.87126,             0.93806,             0.71641,            0.031089,           0.0060018,                   0,           0.0014068,           0.0014068,           0.0014068
                 219,            0.015594,           0.0078145,                   0,             0.96185,             0.88024,              0.9366,             0.72042,            0.031138,           0.0059396,                   0,           0.0013672,           0.0013672,           0.0013672
                 220,             0.01509,           0.0077809,                   0,              0.9633,             0.87725,             0.93624,             0.72354,            0.031189,           0.0059377,                   0,           0.0013276,           0.0013276,           0.0013276
                 221,            0.015066,           0.0079373,                   0,             0.94305,             0.89235,             0.93581,             0.72053,            0.031486,           0.0059752,                   0,            0.001288,            0.001288,            0.001288
                 222,              0.0149,           0.0078602,                   0,             0.94927,             0.88323,             0.93798,             0.71924,            0.031295,           0.0059984,                   0,           0.0012484,           0.0012484,           0.0012484
                 223,            0.015102,           0.0078119,                   0,             0.94771,             0.88024,             0.94015,             0.71775,            0.031191,           0.0059754,                   0,           0.0012088,           0.0012088,           0.0012088
                 224,            0.015196,            0.007608,                   0,             0.98034,             0.85329,             0.93672,             0.72182,            0.031122,           0.0059982,                   0,           0.0011692,           0.0011692,           0.0011692
                 225,            0.015064,           0.0077107,                   0,             0.97028,             0.87126,              0.9339,              0.7147,            0.031086,           0.0059956,                   0,           0.0011296,           0.0011296,           0.0011296
                 226,            0.015041,           0.0076863,                   0,              0.9732,             0.88024,             0.93578,             0.71354,            0.031106,           0.0059379,                   0,             0.00109,             0.00109,             0.00109
                 227,            0.014944,           0.0075598,                   0,             0.96552,             0.88024,             0.93771,             0.71519,            0.031185,           0.0058811,                   0,           0.0010504,           0.0010504,           0.0010504
                 228,            0.014947,           0.0077422,                   0,             0.94339,             0.88623,             0.93811,             0.72135,            0.031311,           0.0058515,                   0,           0.0010108,           0.0010108,           0.0010108
                 229,            0.014976,           0.0077103,                   0,             0.94179,             0.89222,             0.93718,             0.71738,            0.031246,           0.0059113,                   0,           0.0009712,           0.0009712,           0.0009712
                 230,            0.014624,            0.007944,                   0,             0.93712,             0.89222,             0.94003,             0.71416,            0.031315,           0.0059496,                   0,           0.0009316,           0.0009316,           0.0009316
                 231,            0.014931,           0.0075525,                   0,             0.93998,             0.89092,             0.94034,             0.71493,            0.031467,           0.0059573,                   0,            0.000892,            0.000892,            0.000892
                 232,            0.014386,           0.0076418,                   0,             0.95018,             0.89222,             0.94244,             0.71835,            0.031489,           0.0059823,                   0,           0.0008524,           0.0008524,           0.0008524
                 233,            0.014599,           0.0078575,                   0,             0.94853,             0.89222,             0.94219,             0.71774,            0.031268,           0.0060336,                   0,           0.0008128,           0.0008128,           0.0008128
                 234,            0.014835,           0.0075821,                   0,             0.94595,             0.89073,             0.94247,             0.72201,             0.03109,           0.0060925,                   0,           0.0007732,           0.0007732,           0.0007732
                 235,            0.014537,           0.0076287,                   0,             0.94271,             0.88922,             0.94251,             0.72416,            0.031089,           0.0061247,                   0,           0.0007336,           0.0007336,           0.0007336
                 236,            0.014443,           0.0076957,                   0,             0.94233,             0.89521,             0.94309,             0.72109,            0.031155,           0.0060703,                   0,            0.000694,            0.000694,            0.000694
                 237,            0.014591,            0.007394,                   0,             0.94795,             0.89521,             0.94333,             0.71724,             0.03108,           0.0060367,                   0,           0.0006544,           0.0006544,           0.0006544
                 238,            0.014338,            0.007572,                   0,             0.95486,             0.88666,             0.94206,             0.71729,            0.030904,           0.0060445,                   0,           0.0006148,           0.0006148,           0.0006148
                 239,            0.014392,           0.0072408,                   0,               0.943,             0.89163,             0.94045,             0.72178,            0.030883,           0.0060365,                   0,           0.0005752,           0.0005752,           0.0005752
                 240,            0.014728,           0.0075253,                   0,             0.94455,             0.88922,             0.93946,               0.719,            0.030916,           0.0060866,                   0,           0.0005356,           0.0005356,           0.0005356
                 241,            0.014527,            0.007624,                   0,             0.94233,             0.89222,             0.93966,             0.72144,            0.030851,           0.0060802,                   0,            0.000496,            0.000496,            0.000496
                 242,            0.013925,           0.0076802,                   0,              0.9412,             0.89222,             0.93874,              0.7199,            0.030988,           0.0060757,                   0,           0.0004564,           0.0004564,           0.0004564
                 243,            0.014296,           0.0075355,                   0,              0.9413,             0.89521,             0.93922,             0.71642,            0.031086,           0.0060731,                   0,           0.0004168,           0.0004168,           0.0004168
                 244,            0.013885,           0.0074874,                   0,              0.9443,             0.88922,             0.94065,             0.71938,            0.031024,            0.006056,                   0,           0.0003772,           0.0003772,           0.0003772
                 245,            0.014419,           0.0074969,                   0,             0.94709,             0.89222,             0.94168,             0.71981,            0.031052,           0.0060352,                   0,           0.0003376,           0.0003376,           0.0003376
                 246,            0.013694,            0.007409,                   0,             0.94919,             0.89493,              0.9401,             0.71989,            0.031004,           0.0060266,                   0,            0.000298,            0.000298,            0.000298
                 247,            0.014013,           0.0074075,                   0,             0.95015,             0.89222,             0.94226,             0.72448,            0.030962,           0.0060568,                   0,           0.0002584,           0.0002584,           0.0002584
                 248,            0.014189,            0.007567,                   0,             0.95061,             0.89222,             0.94142,             0.72411,            0.030883,           0.0060691,                   0,           0.0002188,           0.0002188,           0.0002188
                 249,            0.013995,           0.0073888,                   0,             0.95363,             0.89222,             0.94135,             0.72623,            0.030845,           0.0060745,                   0,           0.0001792,           0.0001792,           0.0001792
